INSERT INTO portfolio_details(id,user_id) VALUES ('d83f3900-79b5-40e9-a0e3-e82badb3cdb4','fa64b5ec-be86-48ca-ba3b-185d06038fe2')
INSERT INTO portfolio_details(id,user_id) VALUES ('61b2f433-0109-4610-9723-8c4428aacea8','de7e6090-c9c8-42e9-a658-e5465d29b0fe')
INSERT INTO portfolio_details(id,user_id) VALUES ('acab235b-e158-4672-948b-2d599e4135af','9a452caf-59fd-4fa0-9b76-217ffe7ab716')
INSERT INTO portfolio_details(id,user_id) VALUES ('f556be7e-998b-47a0-9a09-41dc95f6d079','b738d538-aa6d-4ecb-9144-c79823b5c911')
INSERT INTO portfolio_details(id,user_id) VALUES ('34cc1637-0120-4da8-86d3-a1374baab8fb','7ee46bf2-bb2a-4aed-bcef-7f49639527e3')

INSERT INTO portfolio_stock_details(id,stock_name,stock_count,portfolio_id) VALUES ('9dc61d73-b0b1-4c50-82e9-d948d0bbc6dd','Reliance Industries',5,'d83f3900-79b5-40e9-a0e3-e82badb3cdb4')
INSERT INTO portfolio_stock_details(id,stock_name,stock_count,portfolio_id) VALUES ('24231cdd-feb5-461d-8e41-11be4fc2bf0c','TCS',4,'d83f3900-79b5-40e9-a0e3-e82badb3cdb4')
INSERT INTO portfolio_stock_details(id,stock_name,stock_count,portfolio_id) VALUES ('e18b6295-281a-47ed-8b61-a1edce9b564d','HDFC Bank',10,'d83f3900-79b5-40e9-a0e3-e82badb3cdb4')
INSERT INTO portfolio_stock_details(id,stock_name,stock_count,portfolio_id) VALUES ('187d7f85-7d7a-4c70-b2b3-2011b30af7ae','Infosys',7,'acab235b-e158-4672-948b-2d599e4135af')
INSERT INTO portfolio_stock_details(id,stock_name,stock_count,portfolio_id) VALUES ('4b24b8fd-3fe3-4d21-bfd3-6d3f893bc8a7','Hindustan Unilever',3,'acab235b-e158-4672-948b-2d599e4135af')
INSERT INTO portfolio_stock_details(id,stock_name,stock_count,portfolio_id) VALUES ('e88acf57-8acc-4d75-a0c2-8b8cda33edd2','ICICI Bank',1,'61b2f433-0109-4610-9723-8c4428aacea8')
INSERT INTO portfolio_stock_details(id,stock_name,stock_count,portfolio_id) VALUES ('2f36e73b-2f7a-41f3-a522-e942c4f9ad87','SBI',50,'61b2f433-0109-4610-9723-8c4428aacea8')
INSERT INTO portfolio_stock_details(id,stock_name,stock_count,portfolio_id) VALUES ('cac53dd5-72e4-45a7-b1e9-b20fd2f25458','Bajaj Finance',6,'61b2f433-0109-4610-9723-8c4428aacea8')
INSERT INTO portfolio_stock_details(id,stock_name,stock_count,portfolio_id) VALUES ('b8d9b404-11ec-4d9b-b3a0-7942e30781b2','LIC',9,'acab235b-e158-4672-948b-2d599e4135af')
INSERT INTO portfolio_stock_details(id,stock_name,stock_count,portfolio_id) VALUES ('f6d5d036-7b33-4a49-ab20-977aecad51f9','Airtel',20,'f556be7e-998b-47a0-9a09-41dc95f6d079')
INSERT INTO portfolio_stock_details(id,stock_name,stock_count,portfolio_id) VALUES ('fdddaed4-4a8a-48d0-8b9d-03a27a18505d','Reliance Industries',62,'f556be7e-998b-47a0-9a09-41dc95f6d079')
INSERT INTO portfolio_stock_details(id,stock_name,stock_count,portfolio_id) VALUES ('3f7f5f51-a8f1-45af-886a-9a060bafe8bd','HDFC Bank',9,'f556be7e-998b-47a0-9a09-41dc95f6d079')
INSERT INTO portfolio_stock_details(id,stock_name,stock_count,portfolio_id) VALUES ('c3398e4d-7015-431d-bbf3-eb8ffb7cfddd','Hindustan Unilever',14,'34cc1637-0120-4da8-86d3-a1374baab8fb')
INSERT INTO portfolio_stock_details(id,stock_name,stock_count,portfolio_id) VALUES ('ef3aeac5-3d59-44b8-bbf2-6234818d28f5','SBI',17,'34cc1637-0120-4da8-86d3-a1374baab8fb')
INSERT INTO portfolio_stock_details(id,stock_name,stock_count,portfolio_id) VALUES ('1b7f9053-51ef-4f7e-b1e9-50b58bd7e9e5','LIC',7,'34cc1637-0120-4da8-86d3-a1374baab8fb')

INSERT INTO portfolio_mutual_fund_details(id,mutual_fund_name,mutual_fund_units,portfolio_id) VALUES ('4d621134-4ffc-4b65-9b4c-a99bf5496a79','PGIM',15,'d83f3900-79b5-40e9-a0e3-e82badb3cdb4')
INSERT INTO portfolio_mutual_fund_details(id,mutual_fund_name,mutual_fund_units,portfolio_id) VALUES ('d4871dac-35d9-444d-86a5-fcf2c9b39b80','ICICI',23,'d83f3900-79b5-40e9-a0e3-e82badb3cdb4')
INSERT INTO portfolio_mutual_fund_details(id,mutual_fund_name,mutual_fund_units,portfolio_id) VALUES ('7bc2f71f-dd88-4d18-9948-6183bf49fbc8','Canara',5,'d83f3900-79b5-40e9-a0e3-e82badb3cdb4')
INSERT INTO portfolio_mutual_fund_details(id,mutual_fund_name,mutual_fund_units,portfolio_id) VALUES ('d8ec8104-e152-4da9-a075-ac8d87c0e31b','Quant',8,'acab235b-e158-4672-948b-2d599e4135af')
INSERT INTO portfolio_mutual_fund_details(id,mutual_fund_name,mutual_fund_units,portfolio_id) VALUES ('e46a7061-a88b-47c5-9f24-dcd0a25cb950','Tata',34,'acab235b-e158-4672-948b-2d599e4135af')
INSERT INTO portfolio_mutual_fund_details(id,mutual_fund_name,mutual_fund_units,portfolio_id) VALUES ('c8659ae5-b0a9-4394-8c6c-f9fc373a1e55','Nippon',21,'acab235b-e158-4672-948b-2d599e4135af')
INSERT INTO portfolio_mutual_fund_details(id,mutual_fund_name,mutual_fund_units,portfolio_id) VALUES ('b6c613fb-b518-4fe6-b30c-2bd4e161b3b6','Parag',4,'61b2f433-0109-4610-9723-8c4428aacea8')
INSERT INTO portfolio_mutual_fund_details(id,mutual_fund_name,mutual_fund_units,portfolio_id) VALUES ('6ead946d-9cb2-4c9f-80f3-f0f10ccda18b','Axis',9,'61b2f433-0109-4610-9723-8c4428aacea8')
INSERT INTO portfolio_mutual_fund_details(id,mutual_fund_name,mutual_fund_units,portfolio_id) VALUES ('1f648b81-325b-4eb5-9eef-878a6421c3fc','Kotak',10,'61b2f433-0109-4610-9723-8c4428aacea8')
INSERT INTO portfolio_mutual_fund_details(id,mutual_fund_name,mutual_fund_units,portfolio_id) VALUES ('9360f185-e18c-49a6-a55c-43f43369a537','Bank of India',43,'f556be7e-998b-47a0-9a09-41dc95f6d079')
INSERT INTO portfolio_mutual_fund_details(id,mutual_fund_name,mutual_fund_units,portfolio_id) VALUES ('ce5d1416-18b2-4048-b6cd-f77e8340a00a','PGIM',7,'f556be7e-998b-47a0-9a09-41dc95f6d079')
INSERT INTO portfolio_mutual_fund_details(id,mutual_fund_name,mutual_fund_units,portfolio_id) VALUES ('e88ebcb6-3ead-440e-b69f-8cee90ca0270','Axis',18,'f556be7e-998b-47a0-9a09-41dc95f6d079')
INSERT INTO portfolio_mutual_fund_details(id,mutual_fund_name,mutual_fund_units,portfolio_id) VALUES ('90471eab-3ba1-476b-add8-1f9db4bed552','ICICI',13,'34cc1637-0120-4da8-86d3-a1374baab8fb')
INSERT INTO portfolio_mutual_fund_details(id,mutual_fund_name,mutual_fund_units,portfolio_id) VALUES ('5ba58b69-658e-4449-831a-4a723656f830','Quant',42,'34cc1637-0120-4da8-86d3-a1374baab8fb')
INSERT INTO portfolio_mutual_fund_details(id,mutual_fund_name,mutual_fund_units,portfolio_id) VALUES ('796969f5-fbec-4689-9736-8caab7316926','Tata',22,'34cc1637-0120-4da8-86d3-a1374baab8fb')
